Annex I — General safety and performance requirements (GSPR),,,,,附錄 I — 一般安全與性能要求 （GSPR）,,,,,Standards,,,標準,,,Device(s),,
,,,,,,,,,,,,,,,,,,
Chapter I — General requirements,"Apply 
Y/N",Relevant standard(s),Relevant device(s),,第一章 — 一般要求,"適用 
是/否",相關標準,相關器材,,Standards,Name,,標準,名稱,,Relevant device(s),相關器材,
"1. Devices shall achieve the performance intended by their manufacturer and shall be designed and manufactured in such a way that, during normal conditions of use, they are suitable for their intended purpose. They shall be safe and effective and shall not compromise the clinical condition or the safety of patients, or the safety and health of users or, where applicable, other persons, provided that any risks which may be associated with their use constitute acceptable risks when weighed against the benefits to the patient and are compatible with a high level of protection of health and safety, taking into account the generally acknowledged state of the art.",Y,"ISO 13485
ISO 14971
ISO 10993-1
ISO 10993-4
ISO 10993-5
ISO 10993-10
ISO 10993-12
ISO 7864
ISO 10555-5
ISO 9626",A010101 - Hypodermic needles,,1. 器材應達到其製造商預期的性能，其設計和製造方式應使其在正常使用條件下適合其預期目的。它們應安全有效，並且不會損害臨床狀況或患者的安全，或使用者或其他人（如適用）的安全和健康，前提是與它們的使用相關的任何風險在權衡時構成可接受的風險考慮到公認的現有技術水平，不利於患者，並且與高水平的健康和安全保護相容。,是,"ISO 13485
ISO 14971
ISO 10993-1
ISO 10993-4
ISO 10993-5
ISO 10993-10
ISO 10993-12
ISO 7864
ISO 10555-5
ISO 9626",A010101 - 皮下注射針,,ISO 13485,Medical devices — Quality management systems — Requirements for regulatory purposes,,ISO 13485,Medical devices — Quality management systems — Requirements for regulatory purposes,,A010101 - Hypodermic needles,A010101 - 皮下注射針,
2. The requirement in this Annex to reduce risks as far as possible means the reduction of risks as far as possible without adversely affecting the benefit-risk ratio.,Y,"ISO 14971
ISO 10993-1
ISO 10993-4",A010101 - Hypodermic needles,,2. 本附錄中盡可能降低風險的要求指盡可能降低風險的同時不會對收益風險比產生不利影響。,是,"ISO 14971
ISO 10993-1
ISO 10993-4",A010101 - 皮下注射針,,ISO 14971,Medical devices — Application of risk management to medical devices,,ISO 14971,Medical devices — Application of risk management to medical devices,,,,
"3. Manufacturers shall establish, implement, document and maintain a risk management system.",,,,,3. 製造商應建立、實施、記錄和維護風險管理系統。,,,,,ISO 10993-1,"Biological evaluation of medical devices
Part 1: Evaluation and testing within a risk management process",,ISO 10993-1,,,,,
"Risk management shall be understood as a continuous iterative process throughout the entire lifecycle of a device, requiring regular systematic updating. In carrying out risk management manufacturers shall:",,,,,風險管理應理解為貫穿器材整個生命週期的持續迭代過程，需要定期系統更新。在進行風險管理時，製造商應：,,,,,ISO 10993-4,"Biological evaluation of medical devices
Part 4: Selection of tests for interactions with blood",,ISO 10993-4,,,,,
(a) establish and document a risk management plan for each device;,Y,"ISO 13485
ISO 14971
ISO 10993-1
ISO 10993-4
ISO 10993-5
ISO 10993-10
ISO 10993-12
ISO 7864
ISO 10555-5
ISO 9626",A010101 - Hypodermic needles,,(a) 建立並記錄各器材的風險管理計劃；,是,"ISO 13485
ISO 14971
ISO 10993-1
ISO 10993-4
ISO 10993-5
ISO 10993-10
ISO 10993-12
ISO 7864
ISO 10555-5
ISO 9626",A010101 - 皮下注射針,,ISO 10993-5,"Biological evaluation of medical devices
Part 5: Tests for in vitro cytotoxicity",,ISO 10993-5,,,,,
(b) identify and analyse the known and foreseeable hazards associated with each device;,Y,"ISO 10993-10
ISO 10993-12
ISO 7864",A010101 - Hypodermic needles,,(b) 識別和分析與各器械相關的已知和可預見的危險；,是,"ISO 10993-10
ISO 10993-12
ISO 7864",A010101 - 皮下注射針,,ISO 10993-10,"Biological evaluation of medical devices
Part 10: Tests for skin sensitization",,ISO 10993-10,,,,,
"(c) estimate and evaluate the risks associated with, and occurring during, the intended use and during reasonably foreseeable misuse;",Y,,A010101 - Hypodermic needles,,(c) 估計和評估與預期使用相關的，以及在使用期間可合理預見的誤用發生的風險；,是,0,A010101 - 皮下注射針,,ISO 10993-12,"Biological evaluation of medical devices
Part 12: Sample preparation and reference materials",,ISO 10993-12,,,,,
(d) eliminate or control the risks referred to in point (c) in accordance with the requirements of Section 4;,Y,,A010101 - Hypodermic needles,,(d) 依第4節的要求消除或控制 (c) 點所述的這些風險；,是,0,,,ISO 7864,Sterile hypodermic needles for single use — Requirements and test methods,,ISO 7864,,,,,
"(e)evaluate the impact of information from the production phase and, in particular, from the post-market surveillance system, on hazards and the frequency of occurrence thereof, on estimates of their associated risks, as well as on the overall risk, benefit-risk ratio and risk acceptability; and",Y,,A010101 - Hypodermic needles,,(e) 評估來自生產階段的信息，特別是來自上市後監測系統的信息對危害及其發生頻率、對其相關風險的估計以及對總體風險、效益風險比的影響和風險可接受性；和,是,0,,,ISO 10555-5,"Intravascular catheters — Sterile and single-use catheters
Part 5: Over-needle peripheral catheters",,ISO 10555-5,,,,,
"(f) based on the evaluation of the impact of the information referred to in point (e), if necessary amend control measures in line with the requirements of Section 4.",Y,,A010101 - Hypodermic needles,,(f) 根據 (e) 點所述資訊影響的 b 評估，必要時依第 4 節的要求修改控制措施。,是,0,,,ISO 9626,Stainless steel needle tubing for the manufacture of medical devices — Requirements and test methods,,ISO 9626,,,,,
"4. Risk control measures adopted by manufacturers for the design and manufacture of the devices shall conform to safety principles, taking account of the generally acknowledged state of the art. To reduce risks, Manufacturers shall manage risks so that the residual risk associated with each hazard as well as the overall residual risk is judged acceptable. In selecting the most appropriate solutions, manufacturers shall, in the following order of priority:",,,,,4. 製造商在設計和製造器材時採取的風險控制措施應符合安全原則，並考慮公認的技術水準。為了降低風險，製造商應管理風險，以便與每種危害相關的殘餘風險以及整體殘餘風險被認為是可接受的。在選擇最合適的解決方案時，製造商應按以下優先順序：,,,,,,,,0,,,,,
(a) eliminate or reduce risks as far as possible through safe design and manufacture;,Y,,A010101 - Hypodermic needles,,(a) 透過安全的設計和製造盡可能消除或降低風險；,是,0,,,,,,0,,,,,
"(b) where appropriate, take adequate protection measures, including alarms if necessary, in relation to risks that cannot be eliminated; and",Y,,A010101 - Hypodermic needles,,(b) 酌情針對無法消除的風險採取充分的保護措施，包括必要時發出警報；和,是,0,,,,,,0,,,,,
"(c) provide information for safety (warnings/precautions/contra-indications) and, where appropriate, training to users.",Y,,A010101 - Hypodermic needles,,(c) 提供安全資訊（警戒/預防措施/禁忌），並在適當情況下向使用者提供培訓。,是,0,,,,,,0,,,,,
Manufacturers shall inform users of any residual risks.,Y,,A010101 - Hypodermic needles,,製造商應告知使用者任何殘餘風險。,是,0,,,,,,0,,,,,
"5. In eliminating or reducing risks related to use error, the manufacturer shall:",,,,,5. 在消除或減少使用不當相關風險時，製造商應：,,,,,,,,0,,,,,
"(a) reduce as far as possible the risks related to the ergonomic features of the device and the environment in which the device is intended to be used (design for patient safety), and",Y,,,,(a) 盡量降低因器械人體工學特性及其預期使用環境所造成的風險（針對病人安全而設計），以及,是,0,,,,,,0,,,,,
"(b) give consideration to the technical knowledge, experience, education, training and use environment, where applicable, and the medical and physical conditions of intended users (design for lay, professional, disabled or other users).",Y,,,,(b) 針對技術知識、經驗、教育、訓練和使用環境，以及預期使用者醫療及身體狀況（如適用）的注意事項（針對非專業、專業、殘疾或其他使用者而設計）。,是,0,,,,,,0,,,,,
"6. The characteristics and performance of a device shall not be adversely affected to such a degree that the health or safety of the patient or the user and, where applicable, of other persons are compromised during the lifetime of the device, as indicated by the manufacturer, when the device is subjected to the stresses which can occur during normal conditions of use and has been properly maintained in accordance with the manufacturer's instructions.",Y,,,,6. 器材的特性和性能不應受到不利影響，以致患者或使用者以及其他人（如適用）的健康或安全在設備的使用壽命期間受到損害，如製造商所示，當器材承受正常使用條件下可能出現的應力並且已按照製造商的說明進行適當維護時。,是,0,,,,,,0,,,,,
"7. Devices shall be designed, manufactured and packaged in such a way that their characteristics and performance during their intended use are not adversely affected during transport and storage, for example, through fluctuations of temperature and humidity, taking account of the instructions and information provided by the manufacturer.",Y,,,,7. 器材的設計、製造和包裝應確保其預期使用期間的特性和性能在運輸和儲存期間不會受到不利影響，例如，透過溫度和濕度的波動，考慮製造商提供的說明和資訊。,是,0,,,,,,0,,,,,
"8. All known and foreseeable risks, and any undesirable side-effects, shall be minimised and be acceptable when weighed against the evaluated benefits to the patient and/or user arising from the achieved performance of the device during normal conditions of use.",Y,,,,8. 當與正常使用條件下器材所達到的性能所帶來的對患者和/或用戶的評估益處進行權衡時，所有已知和可預見的風險以及任何不良副作用均應最小化並可接受。,是,0,,,,,,0,,,,,
,,,,,,,,,,,,,,,,,,
,,,,,,,,,,,,,0,,,,,
"Chapter II — Requirements regarding performance, design and manufacture","Apply 
Y/N",Relevant standard(s),Relevant device(s),,第二章 — 有關性能、設計和製造的要求,"適用 
是/否",相關標準,相關器材,,,,,0,,,,,
9. Performance characteristics,,,,,9. 性能特性,,,,,,,,,,,,,
"9.1. Devices shall be designed and manufactured in such a way that they are suitable for the purposes referred to in point (2) of Article 2, as specified by the manufacturer, and suitable with regard to the performance they are intended to achieve, taking account of the generally acknowledged state of the art. They shall achieve the performances, as stated by the manufacturer and in particular, where applicable:",,,,,9.1. 器材的設計和製造方式應確保適用於製造商規定的 第 2 條 第 (2) 點所述的目的，具備預期達到的性能，同時考慮到普遍公認的現有技術水平。產品應達到製造商宣稱的性能，特別是在適用的情況下：,否,0,,,,,,,,,,,
"(a) the analytical performance, such as, analytical sensitivity, analytical specificity, trueness (bias), precision (repeatability and reproducibility), accuracy (resulting from trueness and precision), limits of detection and quantitation, measuring range, linearity, cut-off, including determination of appropriate criteria for specimen collection and handling and control of known relevant endogenous and exogenous interference, cross-reactions; and",,,,,(a) 分析性能，例如：分析靈敏度、分析特異性、真實性（偏差）、精密度（重複性和再現性）、準確度（真實性和精密度）、檢測和定量限、測量範圍、線性度、判斷值，包括確定標本採集和處理的適用標準，並控制已知的相關內源性和外源性幹擾、交叉反應；和,否,0,,,,,,,,,,,
"(b) the clinical performance, such as diagnostic sensitivity, diagnostic specificity, positive predictive value, negative predictive value, likelihood ratio, expected values in normal and affected populations.",,,,,(b) 臨床表現，例如：正常人群和受影響人群的診斷敏感度、診斷特異性、陽性預測值、陰性預測值、相似度、預期值。,否,0,,,,,,,,,,,
9.2. The performance characteristics of the device shall be maintained during the lifetime of the device as indicated by the manufacturer.,,,,,9.2. 應按照製造商的宣稱，在器材的使用壽命期間保持性能特性。,否,0,,,,,,,,,,,
"9.3. Where the performance of devices depends on the use of calibrators and/or control materials, the metrological traceability of values assigned to calibrators and/or control materials shall be assured through suitable reference measurement procedures and/or suitable reference materials of a higher metrological order. Where available, metrological traceability of values assigned to calibrators and control materials shall be assured to certified reference materials or reference measurement procedures.",,,,,9.3. 如果器材的性能取決於校準品和/或品管材料的使用，則應透過適當的參考測量程序，和/或更高計量等級的適當參考材料，來確保校準品和/或品管材料數值的計量溯源性。如果可行，應確保校準品和品管材料數值的計量，可追溯性符合認證參考物質或參考測量程序。,否,0,,,,,,,,,,,
9.4. The characteristics and performances of the device shall be specifically checked in the event that they may be affected when the device is used for the intended use under normal conditions:,,,,,9.4. 應專門檢查器材的特性和性能，是否在正常條件下用於預期用途時，可能受到影響：,,,,,,,,,,,,,
"(a) for devices for self-testing, performances obtained by laypersons;",,,,,(a) 對於自我檢測裝置，由非專業人員所獲得的性能；,否,0,,,,,,,,,,,
"(b) for devices for near-patient testing, performances obtained in relevant environments (for example, patient home, emergency units, ambulances).",,,,,(b) 對於定點照護檢測的器材，在相關環境中獲得的性能（例如患者家中、急診中心、救護車）。,否,0,,,,,,,,,,,
"10. Chemical, physical and biological properties",,,,,10. 化學、物理和生物學特性,,,,,,,,0,,,,,
10.1. Devices shall be designed and manufactured in such a way as to ensure that the characteristics and performance requirements referred to in Chapter I are fulfilled.,,,,,10.1. 器材的設計和製造應確保滿足第一章所述的特性和性能要求。,否,0,,,,,,0,,,,,
"Particular attention shall be paid to the possibility of impairment of analytical performance due to physical and/or chemical incompatibility between the materials used and the specimens, analyte or marker to be detected (such as biological tissues, cells, body fluids and micro-organisms), taking account of the intended purpose of the device.",,,,,考慮到器材的預期用途，應特別注意由於所用材料與待檢測的樣本、分析物、或標記物（如生物組織、細胞、體液和微生物）之間的物理和/或化學不相容性，而損害分析性能的可能性。,否,0,,,,,,0,,,,,
"10.2. Devices shall be designed, manufactured and packaged in such a way as to minimise the risk posed by contaminants and residues to patients, taking account of the intended purpose of the device, and to the persons involved in the transport, storage and use of the devices. Particular attention shall be paid to tissues exposed to those contaminants and residues and to the duration and frequency of exposure.",,,,,10.2. 器材的設計、製造和包裝應盡量減少污染物和殘留物對患者構成的風險，同時考慮到器械的預期用途，以及對器械運輸、儲存和使用所涉及的人員的風險。應特別注意暴露於這些污染物和殘留物的組織以及暴露的持續時間和頻率。,否,0,,,,,,,,,,,
"10.3. Devices shall be designed and manufactured in such a way as to reduce to a level as low as reasonably practicable the risks posed by substances or particles, including wear debris, degradation products and processing residues, that may be released from the device. Special attention shall be given to substances which are carcinogenic, mutagenic or toxic to reproduction (‘CMR’), in accordance with Part 3 of Annex VI to Regulation (EC) No 1272/2008 of the European Parliament and of the Council, and to substances having endocrine disrupting properties for which there is scientific evidence of probable serious effects to human health and which are identified in accordance with the procedure set out in Article 59 of Regulation (EC) No 1907/2006 of the European Parliament and of the Council.",,,,,10.3. 器材的設計和製造方式，應將可能釋放的物質或顆粒（包括磨損碎片、降解產物和加工殘留物）造成的風險，降低到合理可行的最低水平。根據歐洲議會和理事會法規(EC) 第 1272/2008 號 附件六 第 3 部分，應特別注意致癌、致突變或生殖毒性 (‘CMR’) 的物質，並具有內分泌幹擾特性的物質，有科學證據顯示可能對人類健康產生嚴重影響，並根據歐洲議會和理事會法規(EC) 第1907/2006 號 第 59 條所載程序進行鑑定。,否,0,,,,,,,,,,,
"10.4. Devices shall be designed and manufactured in such a way as to reduce as far as possible the risks posed by the unintentional ingress of substances into the device, taking into account the device and the nature of the environment in which it is intended to be used.",,,,,10.4. 器材的設計和製造，應盡可能減少物質意外進入器材所造成的風險，同時考慮器材及其預期使用環境的性質。,,,,,,,,,,,,,
11. Infection and microbial contaminationA43:D54,,,,,11. 感染和微生物污染,,,,,,,,,,,,,
"11.1. Devices and their manufacturing processes shall be designed in such a way as to eliminate or to reduce as far as possible the risk of infection to patients, users and, where applicable, other persons. The design shall:",,,,,11.1. 器材及其製造過程的設計應盡可能消除或盡可能降低患者、使用者和（如適用）其他人的感染風險。設計應：,,,,,,,,,,,,,
"(a) allow easy and safe handling,",,,,,(a) 允許便捷安全地處理，,否,0,,,,,,,,,,,
"(b) reduce as far as possible any microbial leakage from the device and/or microbial exposure during use, and",,,,,(b) 儘可能減少器材的任何微生物洩漏和/或使用過程中的微生物暴露，以及,否,0,,,,,,,,,,,
"(c) prevent microbial contamination of the device during use and, in the case of specimen receptacles, the risk of contamination of the specimen.",,,,,(c) 防止器材在使用過程中受到微生物污染，如果是樣本容器時，防止樣本造成污染的風險。,否,0,,,,,,,,,,,
"11.2. Devices labelled either as sterile or as having a specific microbial state shall be designed, manufactured and packaged to ensure that their sterile condition or microbial state is maintained under the transport and storage conditions specified by the manufacturer until that packaging is opened at the point of use, unless the packaging which maintains their sterile condition or microbial state is damaged.",,,,,11.2. 標記為無菌或具有特定微生物狀態的器材設計、製造和包裝，應確保其無菌狀態或微生物狀態，在製造商指定的運輸和儲存條件下保持，直到在使用時打開包裝為止，除非保持無菌狀態或微生物狀態的包裝遭損壞。,,,,,,,,,,,,,
"11.3. Devices labelled as sterile shall be processed, manufactured, packaged and, sterilised by means of appropriate, validated methods.",,,,,11.3. 標有無菌標籤的器械應通過適當的、經過驗證的方法進行加工、製造、包裝和滅菌。,否,0,,,,,,,,,,,
11.4. Devices intended to be sterilised shall be manufactured and packaged in appropriate and controlled conditions and facilities.,,,,,11.4. 擬滅菌的器械應在適當和受控的條件和設施中製造和包裝。,否,0,,,,,,,,,,,
"11.5. Packaging systems for non-sterile devices shall maintain the integrity and cleanliness of the product and, where the devices are to be sterilised prior to use, minimise the risk of microbial contamination; the packaging system shall be suitable taking account of the method of sterilisation indicated by the manufacturer.",,,,,11.5. 非無菌器材的包裝系統應保持產品的完整性和清潔度，並且在器械使用前要消毒的情況下，應盡量減少微生物污染的風險；包裝系統應考慮到製造商指示的滅菌方法。,否,0,,,,,,,,,,,
11.6. The labelling of the device shall distinguish between identical or similar devices placed on the market in both a sterile and a non-sterile condition additional to the symbol used to indicate that devices are sterile.,,,,,11.6. 器材的標籤應區分投放市場的相同或相似器械，包括無菌和非無菌狀態，並帶有用於表示器材無菌的符號。,否,0,,,,,,,,,,,
12. Devices incorporating materials of biological origin,,,,,12. 包含生物來源材料的器材,,,,,,,,,,,,,
"Where devices include tissues, cells and substances of animal, human or microbial origin, the selection of sources, the processing, preservation, testing and handling of tissues, cells and substances of such origin and control procedures shall be carried out so as to provide safety for user or other person.",,,,,如果器材包含動物、人類或微生物來源的組織、細胞和物質，則來源的選擇、此類來源的組織、細胞和物質的加工、保存、測試和處理以及控製程序，應保護使用者或其他人的安全性。,否,0,,,,,,,,,,,
"In particular, safety with regard to microbial and other transmissible agents shall be addressed by implementation of validated methods of elimination or inactivation in the course of the manufacturing process. This might not apply to certain devices if the activity of the microbial and other transmissible agent are integral to the intended purpose of the device or when such elimination or inactivation process would compromise the performance of the device.",,,,,特別是，在製造過程中，透過實施經過驗證的消除或滅活方法，來解決微生物和其他傳染媒介的安全問題。如果微生物和其他傳播因子的活性，對於器材的預期用途是不可或缺的，或者當這種消除或滅活過程會損害設備的性能時，則該條不適用於某些器材。,否,0,,,,,,,,,,,
13. Construction of devices and interaction with their environment,,,,,13. 器材構造及其與環境之間的相互作用,,,,,,,,,,,,,
"13.1. If the device is intended for use in combination with other devices or equipment the whole combination, including the connection system shall be safe and shall not impair the specified performance of the devices. Any restrictions on use applying to such combinations shall be indicated on the label and/or in the instructions for use. ",,,,,13.1. 如果器材打算與其他器材或設備結合使用，則整個組合，包括連接系統應是安全的，並且不得損害設備的指定性能。適用於此類組合的任何使用限制應在標籤和/或使用說明中註明。,否,0,,,,,,,,,,,
13.2. Devices shall be designed and manufactured in such a way as to remove or reduce as far as possible:,,,,,13.2. 應採用適當方式設計和製造器材，確保盡可能避免或減少以下內容：,,,,,,,,,,,,,
"(a) the risk of injury, in connection with their physical features, including the volume/pressure ratio, dimensional and where appropriate ergonomic features;",,,,,(a) 與器材物理特徵相關的傷害風險，包括體積/壓力比、尺寸和適當的人體工程學特徵；,否,0,,,,,,,,,,,
"(b) risks connected with reasonably foreseeable external influences or environmental conditions, such as magnetic fields, external electrical and electromagnetic effects, electrostatic discharge, radiation associated with diagnostic or therapeutic procedures, pressure, humidity, temperature, variations in pressure and acceleration or radio signal interferences;",,,,,(b) 與合理可預見的外部影響或環境條件相關的風險，例如磁場、外部電磁效應、靜電放電、與診斷或治療程式相關的輻射、壓力、濕度、溫度、壓力和加速度的變化或無線電信號干擾；,否,0,,,,,,,,,,,
"(c) the risks associated with the use of the device when it comes into contact with materials, liquids, and substances, including gases, to which it is exposed during normal conditions of use;",,,,,(c) 與此器材使用相關的風險，當其接觸材料、液體和物質時，包括其在正常使用條件下暴露接觸的氣體；,否,0,,,,,,,,,,,
(d) the risks associated with the possible negative interaction between software and the IT environment within which it operates and interacts;,,,,,(d) 與軟體和IT環境間的可能負相互作用相關的風險，器材在該IT環境內操作和相互作用；,否,0,,,,,,,,,,,
(e) the risks of accidental ingress of substances into the device;,,,,,(e) 物質意外進入器材的風險；,否,0,,,,,,,,,,,
"(f) the risk of incorrect identification of specimens and the risk of erroneous results due to, for example, confusing colour and/or numeric and/or character codings on specimen receptacles, removable parts and/or accessories used with devices in order to perform the test or assay as intended;",,,,,(f) 樣本非正確識別的風險，以及由於以下原因，例如：樣本容器上的顏色和/或數字和/或字元編碼混淆，與器材一起使用的可拆卸部件和/或附件以進行預期測試或測定，而導致錯誤結果的風險；,否,0,,,,,,,,,,,
(g) the risks of any foreseeable interference with other devices.,,,,,(g) 與其他器材發生任何可預見的干擾的風險。,否,0,,,,,,,,,,,
13.3. Devices shall be designed and manufactured in such a way as to minimise the risks of fire or explosion during normal use and in single fault condition. Particular attention shall be paid to devices the intended use of which includes exposure to or use in association with flammable or explosive substances or substances which could cause combustion.,,,,,13.3. 器材的設計和製造應盡量減少正常使用和單一故障條件下的火災或爆炸風險。應特別注意預期用途，包括暴露於易燃或易爆物質，或可能引起燃燒的物質相關的器材。,否,0,,,,,,,,,,,
"13.4. Devices shall be designed and manufactured in such a way that adjustment, calibration, and maintenance can be done safely and effectively.",,,,,13.4. 器材的設計和製造應能夠安全有效地進行調整、校準和維護。,否,0,,,,,,,,,,,
13.5. Devices that are intended to be operated together with other devices or products shall be designed and manufactured in such a way that the interoperability and compatibility are reliable and safe.,,,,,13.5. 打算與其他器材或產品一起操作的器材，其設計和製造方式應確保互操作性和相容性可靠和安全。,否,0,,,,,,,,,,,
"13.6. Devices shall be designed and manufactured in such a way as to facilitate their safe disposal and the safe disposal of related waste substances by the user, patient or other person. To that end, manufacturers shall identify and test procedures and measures as a result of which their devices can be safely disposed after use. Such procedures shall be described in the instructions for use.",,,,,13.6. 器材的設計和製造方式應便於使用者、患者或其他人安全處置這些器材以及相關廢物。為此，製造商應確定並測試程式和措施，以便其器材在使用后可以安全處置。此類程式應在使用說明中描述。,否,0,,,,,,,,,,,
"13.7. The measuring, monitoring or display scale (including colour change and other visual indicators) shall be designed and manufactured in line with ergonomic principles, taking account of the intended purpose, users and the environmental conditions in which the devices are intended to be used.",,,,,13.7. 測量、監控或顯示標示（包括顏色變化和其他視覺指示器），應根據人體工學原理設計和製造，並考慮設備的預期目的、使用者和預期使用的環境條件。,,,,,,,,,,,,,
14. Devices with a measuring function,,,,,14. 具有測量功能的器材,,,,,,,,,,,,,
"14.1. Devices having a primary analytical measuring function shall be designed and manufactured in such a way as to provide appropriate analytical performance in accordance with point (a) of Section 9.1 of Annex I, taking into account the intended purpose of the device.",,,,,14.1. 具有初步分析測量功能的器材，其設計和製造應根據 附件一 第 9.1條 第 (a) 點提供適當的分析性能，並考慮設備的預期用途。,否,0,,,,,,,,,,,
14.2. The measurements made by devices with a measuring function shall be expressed in legal units conforming to the provisions of Council Directive 80/181/EEC.,,,,,14.2. 具有測量功能的器材進行的測量，應符合理事會第 80/181/EEC (4) 號指令規定的法定單位表示。,否,0,,,,,,,,,,,
15. Protection against radiation,,,,,15. 輻射防護,,,,,,,,,,,,,
"15.1. Devices shall be designed, manufactured and packaged in such a way that exposure of users or other persons to radiation (intended, unintended, stray or scattered) is reduced as far as possible and in a manner that is compatible with the intended purpose, whilst not restricting the application of appropriate specified levels for diagnostic purposes.",,,,,15.1. 設備的設計、製造和包裝方式應盡可能減少使用者或其他人對輻射（有意的、無意的、雜散的或分散的）的暴露，並以符合預期目的的方式，同時不限制用於診斷目的的適當指定水準的應用。,,,,,,,,,,,,,
"15.2. When devices are intended to emit hazardous, or potentially hazardous, ionizing and/or non-ionizing radiation, they shall as far as possible be:",,,,,15.2. 當器材預期發射有害或潛在危險的電離和/或非電離輻射時，應盡可能：,,,,,,,,,,,,,
(a) designed and manufactured in such a way as to ensure that the characteristics and the quantity of radiation emitted can be controlled and/or adjusted; and,,,,,(a) 設計和製造的方式，應確保所發射輻射的特性和能量可以控制和/或調整；和,,,,,,,,,,,,,
(b) fitted with visual displays and/or audible warnings of such emissions.,,,,,(b) 配備針對此類輻射的視覺顯示器和/或聲音警告。,,,,,,,,,,,,,
"15.3. The operating instructions for devices emitting hazardous or potentially hazardous radiation shall contain detailed information as to the nature of the emitted radiation, the means of protecting the patient and the user, and on ways of avoiding misuse and of reducing the risks inherent to installation as far as possible and appropriate. Information regarding the acceptance and performance testing, the acceptance criteria, and the maintenance procedure shall also be specified.",,,,,15.3. 發射危險或潛在危險輻射的器材，其操作說明應包含有關發射輻射的性質、保護患者和用戶的方法，以及盡可能避免誤用和減少安裝固有風險的詳細資訊。還應規定有關驗收和性能測試、驗收標準以及維護保養程序的資訊。,否,0,,,,,,,,,,,
16. Electronic programmable systems — devices that incorporate electronic programmable systems and software that are devices in themselves,,,,,16. 電子可程式系統 — 包含電子可程式系統和本身就是器材的軟體,,,,,,,,,,,,,
"16.1. Devices that incorporate electronic programmable systems, including software, or software that are devices in themselves, shall be designed to ensure repeatability, reliability and performance in line with their intended use. In the event of a single fault condition, appropriate means shall be adopted to eliminate or reduce as far as possible consequent risks or impairment of performance.",,,,,16.1. 對於包含電子可程式系統，包括軟體或本身就是器材的軟體，其設計應根據預期用途確保可重複性、可靠性和效能。當出現單一故障情況時，應採取適當的措施，盡可能消除或減少隨之而來的風險或性能損害。,否,0,,,,,,,,,,,
"16.2. For devices that incorporate software or for software that are devices in themselves, the software shall be developed and manufactured in accordance with the state of the art taking into account the principles of development life cycle, risk management, including information security, verification and validation.",,,,,16.2. 對於包含軟體的器材或軟體本身就是器材的軟體，應根據現有技術進行開發和製造軟體，同時考慮開發生命週期、風險管理，包括資訊安全、驗證和確認的原則。,否,0,,,,,,,,,,,
16.3. Software referred to in this Section that is intended to be used in combination with mobile computing platforms shall be designed and manufactured taking into account the specific features of the mobile platform (e.g. size and contrast ratio of the screen) and the external factors related to their use (varying environment as regards level of light or noise).,,,,,16.3. 本節所提到的軟體旨在與行動運算平台結合使用，其設計和製造應考慮行動平台的具體功能，例如：螢幕的尺寸和對比度，以及與其用途相關的外部因素（光或噪音水平不同的環境）。,否,0,,,,,,,,,,,
"16.4. Manufacturers shall set out minimum requirements concerning hardware, IT networks characteristics and IT security measures, including protection against unauthorised access, necessary to run the software as intended.",,,,,16.4. 製造商應規定有關硬體、IT 網路特性和IT安全措施的最低要求，包括防止未經授權的訪問，以按預期運行軟體的必要條件。,否,0,,,,,,,,,,,
17. Devices connected to or equipped with an energy source,,,,,17. 連接或配備能源的設備,,,,,,,,,,,,,
"17.1. For devices connected to or equipped with an energy source, in the event of a single fault condition, appropriate means shall be adopted to eliminate or reduce as far as possible consequent risks.",,,,,17.1. 對於連接或配備能源的器材，在發生單一故障情況時，應採取適當的措施，盡可能消除或降低隨之而來的風險。,,,,,,,,,,,,,
"17.2. Devices where the safety of the patient depends on an internal power supply shall be equipped with a means of determining the state of the power supply and an appropriate warning or indication for when the capacity of the power supply becomes critical. If necessary, such warning or indication shall be given prior to the power supply becoming critical.",,,,,17.2. 病患安全性取決內部電源的器材，應配備確定電源狀態的裝置，並在電源容量處於臨界值時，發出適當的警告或指示。如有必要，應在電源變為臨界值之前，發出此類警告或指示。,,,,,,,,,,,,,
17.3. Devices shall be designed and manufactured in such a way as to reduce as far as possible the risks of creating electromagnetic interference which could impair the operation of the device in question or other devices or equipment in the intended environment.,,,,,17.3. 器材的設計和製造，應盡可能減少產生電磁幹擾的風險，電磁幹擾可能會損害相關器材，或預期環境中其他器材或設備的運作。,,,,,,,,,,,,,
17.4. Devices shall be designed and manufactured in such a way as to provide a level of intrinsic immunity to electromagnetic interference such that is adequate to enable them to operate as intended.,,,,,17.4. 器材的設計和製造方式，應能提供一定程度的抗電磁幹擾能力，使其按照預期運作。,,,,,,,,,,,,,
"17.5. Devices shall be designed and manufactured in such a way as to avoid as far as possible the risk of accidental electric shocks to the user, or other person both during normal use of the device and in the event of a single fault condition in the device, provided the device is installed and maintained as indicated by the manufacturer.",,,,,17.5. 器材的設計和製造方式，應盡可能避免器材在正常使用期間、和出現單一故障情況下，對使用者或其他人員造成意外觸電的風險，前提是器材按照製造商的指示正確進行安裝和維護。,,,,,,,,,,,,,
18. Protection against mechanical and thermal risks,,,,,18. 防止機械和熱風險,,,,,,,,,,,,,
18.1. Devices shall be designed and manufactured in such a way as to protect users and other persons against mechanical risks.,,,,,18.1. 器材的設計和製造方式，應能保護使用者和其他人員免受機械相關風險。,否,0,,,,,,,,,,,
"18.2. Devices shall be sufficiently stable under the foreseen operating conditions. They shall be suitable to withstand stresses inherent to the foreseen working environment, and to retain this resistance during the expected lifetime of the devices, subject to any inspection and maintenance requirements as indicated by the manufacturer.",,,,,18.2. 器材在可預見的操作條件下應足夠穩定。它們應適合承受預期工作環境固有的壓力，並在器材的預期使用壽命期間保持承受力，並遵守製造商指示的任何檢查和維護要求。,,,,,,,,,,,,,
"18.3. Where there are risks due to the presence of moving parts, risks due to break-up or detachment, or leakage of substances, then appropriate protection means shall be incorporated.",,,,,18.3. 如果由於活動部件的存在風險、分離或脫離、或物質洩漏而造成風險，則應採取適當的保護措施。,,,,,,,,,,,,,
"Any guards or other means included with the device to provide protection, in particular against moving parts, shall be secure and shall not interfere with access for the normal operation of the device, or restrict routine maintenance of the device as intended by the manufacturer.",,,,,為器材提供保護的任何防護裝置或其他工具，尤其是針對活動部件的保護，應穩固安全的，並且不得乾擾正常操作，或限制製造商預期的日常維護。,,,,,,,,,,,,,
"18.4. Devices shall be designed and manufactured in such a way as to reduce to the lowest possible level the risks arising from vibration generated by the devices, taking account of technical progress and of the means available for limiting vibrations, particularly at source, unless the vibrations are part of the specified performance.",,,,,18.4. 器材的設計和製造應盡量降低器材振動所引起的風險水平，同時考慮利用先進技術和手段限制振動，特別是在源頭處，除非振動是規定性能的一部分。,否,0,,,,,,,,,,,
"18.5. Devices shall be designed and manufactured in such a way as to reduce to the lowest possible level the risks arising from the noise emitted, taking account of technical progress and of the means available to reduce noise, particularly at source, unless the noise emitted is part of the specified performance.",,,,,18.5. 器材的設計和製造應盡量降低所發出噪音引起的風險水平，同時考慮利用先進技術和手段降低噪音，特別是在源頭處，除非所發出的噪音是規定性能的一部分。,否,0,,,,,,,,,,,
"18.6. Terminals and connectors to the electricity, gas or hydraulic and pneumatic energy supplies which the user or other person has to handle, shall be designed and constructed in such a way as to minimise all possible risks.",,,,,18.6. 使用者或其他人必須操作連接到電力、天然氣、液壓和氣動能源的終端和連接器，其設計和構造應盡量減少所有潛在的風險。,否,0,,,,,,,,,,,
"18.7. Errors likely to be made when fitting or refitting certain parts which could be a source of risk shall be made impossible by the design and construction of such parts or, failing this, by information given on the parts themselves and/or their housings. ",,,,,18.7. 在安裝或重裝某些零件時，其出現的錯誤可能成為風險源頭，這些部件的設計和構造應完全避免該風險，如果無法實現，則透過在零件本身和/或其外殼的資訊來說明。,否,0,,,,,,,,,,,
The same information shall be given on moving parts and/or their housings where the direction of movement needs to be known in order to avoid a risk.,,,,,當需要知道移動方向以避免風險，應提供訊息在零件和/或其外殼。,,,,,,,,,,,,,
18.8. Accessible parts of devices (excluding the parts or areas intended to supply heat or reach given temperatures) and their surroundings shall not attain potentially dangerous temperatures under normal conditions of use.,,,,,18.8. 在正常使用條件下，器材的可接觸部件（不包括用於供熱或達到給定溫度的部件或區域）及其周圍環境，不應達到潛在危險的溫度。,否,0,,,,,,,,,,,
19. Protection against the risks posed by devices intended for self-testing or near-patient testing,,,,,19. 防範用於自我測試或定點照護檢測的器材所帶來的風險,,,,,,,,,,,,,
"19.1. Devices intended for self-testing or near-patient testing shall be designed and manufactured in such a way that they perform appropriately for their intended purpose taking into account the skills and the means available to the intended user and the influence resulting from variation that can be reasonably anticipated in the intended user's technique and environment. The information and instructions provided by the manufacturer shall be easy for the intended user to understand and apply in order to correctly interpret the result provided by the device and to avoid misleading information. In the case of near-patient testing, the information and the instructions provided by the manufacturer shall make clear the level of training, qualifications and/or experience required by the user.",,,,,19.1. 用於自我測試或定點照護檢驗的器材，其設計和製造方式應考慮到目標使用者可用的技能和手段，它們能夠適當地實現其預期目的，並且在預期使用者的技術和環境中，可以合理預期的變化所產生的影響。製造商提供的資訊和說明，應易於預期使用者理解和應用，以便正確解釋器材提供的結果，並避免誤導性資訊。在定點照護檢測的情況下，製造商提供的資訊和說明應明確使用者所需的培訓、資格和/或經驗程度。,否,0,,,,,,,,,,,
19.2. Devices intended for self-testing or near-patient testing shall be designed and manufactured in such a way as to:,,,,,19.2. 用於自我測試或定點照護檢驗的器材，其設計和製造方式應符合以下要求：,,,,,,,,,,,,,
"(a) ensure that the device can be used safely and accurately by the intended user at all stages of the procedure, if necessary after appropriate training and/or information; and",,,,,(a) 確保目標使用者在過程的所有階段，都可以安全準確地使用器材，如有必要，經過適當的培訓和/或資訊；和,否,0,,,,,,,,,,,
"(b) reduce as far as possible the risk of error by the intended user in the handling of the device and, if applicable, in the interpretation of the results.",,,,,(b) 盡可能降低預期使用者在處理器材時出錯的風險，並在適用的情況下，在結果解讀中出錯的風險。,否,0,,,,,,,,,,,
"19.3. Devices intended for self-testing and near-patient testing shall, where feasible, include a procedure by which the intended user:",,,,,19.3. 在可行的情況下，用於自我測試和定點照護檢驗的設備應包括一個程序，透過該程序，預期使用者可以：,,,,,,,,,,,,,
"(a) can verify that, at the time of use, the device will perform as intended by the manufacturer, and",,,,,(a) 可以驗證在使用時，器材是否將按製造商的預期運行，並且,否,0,,,,,,,,,,,
(b) be warned if the device has failed to provide a valid result.,,,,,(b) 若器材未能提供有效結果，則發出警告。,否,0,,,,,,,,,,,
,,,,,,,,,,,,,,,,,,
,,,,,,,,,,,,,,,,,,
,,,,,,,,,,,,,,,,,,
,,,,,,,,,,,,,,,,,,
,,,,,,,,,,,,,,,,,,
,,,,,,,,,,,,,,,,,,
,,,,,,,,,,,,,,,,,,
,,,,,,,,,,,,,,,,,,
,,,,,,,,,,,,,,,,,,
,,,,,,,,,,,,,,,,,,
,,,,,,,,,,,,,,,,,,
,,,,,,,,,,,,,,,,,,
,,,,,,,,,,,,,,,,,,
,,,,,,,,,,,,,,,,,,
,,,,,,,,,,,,,,,,,,
,,,,,,,,,,,,,,,,,,
,,,,,,,,,,,,,,,,,,
,,,,,,,,,,,,,,,,,,
,,,,,,,,,,,,,,,,,,
,,,,,,,,,,,,,,,,,,
,,,,,,,,,,,,,,,,,,
,,,,,,,,,,,,,,,,,,
,,,,,,,,,,,,,,,,,,
,,,,,,,,,,,,,,,,,,
,,,,,,,,,,,,,,,,,,
,,,,,,,,,,,,,,,,,,
,,,,,,,,,,,,,,,,,,
,,,,,,,,,,,,,,,,,,
,,,,,,,,,,,,,,,,,,
,,,,,,,,,,,,,,,,,,
,,,,,,,,,,,,,,,,,,
,,,,,,,,,,,,,,,,,,
,,,,,,,,,,,,,,,,,,
,,,,,,,,,,,,,,,,,,
,,,,,,,,,,,,,,,,,,
,,,,,,,,,,,,,,,,,,
,,,,,,,,,,,,,,,,,,
,,,,,,,,,,,,,,,,,,
,,,,,,,,,,,,,,,,,,
,,,,,,,,,,,,,,,,,,
,,,,,,,,,,,,,,,,,,
,,,,,,,,,,,,,,,,,,
,,,,,,,,,,,,,,,,,,
,,,,,,,,,,,,,,,,,,
,,,,,,,,,,,,,,,,,,
,,,,,,,,,,,,,,,,,,
,,,,,,,,,,,,,,,,,,
,,,,,,,,,,,,,,,,,,
,,,,,,,,,,,,,,,,,,
,,,,,,,,,,,,,,,,,,
,,,,,,,,,,,,,,,,,,
,,,,,,,,,,,,,,,,,,
,,,,,,,,,,,,,,,,,,
,,,,,,,,,,,,,,,,,,
,,,,,,,,,,,,,,,,,,
,,,,,,,,,,,,,,,,,,
,,,,,,,,,,,,,,,,,,
,,,,,,,,,,,,,,,,,,
,,,,,,,,,,,,,,,,,,
,,,,,,,,,,,,,,,,,,
Chapter III — Requirements regarding the information supplied with the device,"Apply 
Y/N",Relevant standard(s),Relevant device(s),,第三章 — 與產品一同提供的資訊要求,"適用 
是/否",相關標準,相關醫材,,,,,,,,,,
20. Label and instructions for use,,,,,20. 標籤和使用說明書,,,,,,,,,,,,,
20.1. General requirements regarding the information supplied by the manufacturer,,,,,20.1. 關於製造商提供資訊的一般要求,,,,,,,,,,,,,
"Each device shall be accompanied by the information needed to identify the device and its manufacturer, and by any safety and performance information relevant to the user, or any other person, as appropriate. Such information may appear on the device itself, on the packaging or in the instructions for use, and shall, if the manufacturer has a website, be made available and kept up to date on the website, taking into account the following:",,,,,每個器材都應附有識別器材及其製造商所需的資訊，並視情況而定將任何安全和性能資訊傳達給使用者或其他人。此類資訊可能出現在器材本身、包裝上或使用說明書中，如果製造商有網站，則應在網站上提供並保持最新消息，同時考慮到以下因素：,,,,,,,,,,,,,
"(a) The medium, format, content, legibility, and location of the label and instructions for use shall be appropriate to the particular device, its intended purpose and the technical knowledge, experience, education or training of the intended user(s). In particular, instructions for use shall be written in terms readily understood by the intended user and, where appropriate, supplemented with drawings and diagrams.",,,,,(a) 標籤和使用說明書的媒介、格式、內容、易讀性和位置，應適合於特定器材、其預期用途以及預期使用者的技術知識、經驗、教育或培訓。特別是，使用說明應以目標使用者易於理解的語言編寫，並在適當的情況下補充附圖和圖表。,否,0,,,,,,,,,,,
"(b) The information required on the label shall be provided on the device itself. If this is not practicable or appropriate, some or all of the information may appear on the packaging for each unit. If individual full labelling of each unit is not practicable, the information shall be set out on the packaging of multiple devices.",,,,,(b) 標籤上所需的資訊應在器材本身上提供。如果這不可行或不合適，則部分或所有資訊可顯示在每個單元的包裝上。如果每個器材單獨的完整標籤不可行，則應在多個器材的包裝上列出該資訊。,否,0,,,,,,,,,,,
"(c) Labels shall be provided in a human-readable format and may be supplemented by machine-readable information, such as radio-frequency identification or bar codes.",,,,,(c) 標籤應以人類可讀的格式提供，並可輔以機器可讀訊息，例如無線射頻識別或條碼。,否,0,,,,,,,,,,,
"(d) Instructions for use shall be provided together with devices. However, in duly justified and exceptional cases instructions for use shall not be required or may be abbreviated if the device can be used safely and as intended by the manufacturer without any such instructions for use.",,,,,(d) 使用說明書應與器材一起提供。然而，在正當合理和特殊情況下，如果器材可以在無任何此類使用說明的情況下，安全地並且按照製造商的預期使用，則不可無需使用說明書或可以簡縮。,否,0,,,,,,,,,,,
"(e) Where multiple devices, with the exception of devices intended for self-testing or near-patient testing, are supplied to a single user and/or location, a single copy of the instructions for use may be provided if so agreed by the purchaser who in any case may request further copies to be provided free of charge.",,,,,(e) 當向單一使用者和/或位置提供多個裝置時，用於自我測試或定點照護檢驗的器材除外，如果購買者同意，則可以提供一份使用說明的副本，購買者在任何情況下，都可以要求免費提供更多副本。,否,0,,,,,,,,,,,
"(f) When the device is intended for professional use only, instructions for use may be provided to the user in non-paper format (e.g. electronic), except when the device is intended for near-patient testing.",,,,,(f) 當器材僅用於專業用途時，可以向使用者提供非紙本格式（例如電子形式）的使用說明書，除非器材用於定點照護檢驗測試。,否,0,,,,,,,,,,,
"(g) Residual risks which are required to be communicated to the user and/or other person shall be included as limitations, contra-indications, precautions or warnings in the information supplied by the manufacturer.",,,,,(g) 需要傳達給使用者和/或其他人的剩餘風險，應作為限制、禁忌、預防措施或警告，包含在製造商提供的資訊中。,否,0,,,,,,,,,,,
"(h) Where appropriate, the information supplied by the manufacturer shall take the form of internationally recognised symbols. Any symbol or identification colour used shall conform to the harmonised standards or CS. In areas for which no harmonised standards or CS exist, the symbols and colours shall be described in the documentation supplied with the device.",,,,,(h) 在適當的情況下，製造商提供的資訊應採用國際公認的符號形式。使用的任何符號或識別顏色應符合協調標準或 CS。若不存在統一標準或 CS 的區域，符號和顏色應在器材隨附的文件中進行描述。,否,0,,,,,,,,,,,
"(i) In the case of devices containing a substance or a mixture which may be considered as being dangerous, taking account of the nature and quantity of its constituents and the form under which they are present, relevant hazard pictograms and labelling requirements of Regulation (EC) No 1272/2008 shall apply. Where there is insufficient space to put all the information on the device itself or on its label, the relevant hazard pictograms shall be put on the label and the other information required by Regulation (EC) No 1272/2008 shall be given in the instructions for use.",,,,,"(i) 如果器械含有可能被視為危險的物質或混合物，請考慮其成分的性質和數量以及存在的形式，相關危險圖形和法規(EC) 第 1272/2008 號的標籤要求適用。
如果器材本身或其標籤上沒有足夠的空間放置所有訊息，則相關的危險圖形應在標籤上放置，並且法規要求的其他資訊應在說明書中給出。",,,,,,,,,,,,,
"(j) The provisions of Regulation (EC) No 1907/2006 on the safety data sheet shall apply, unless all relevant information, as appropriate, is already made available in the instructions for use.",,,,,(j) 應適用法規 (EC) 第 1907/2006 號 規定的安全資料表，除非所有相關資訊已在使用說明書提供。,,,,,,,,,,,,,
20.2. Information on the label,,,,,20.2. 標籤上的資訊,,,,,,,,,,,,,
The label shall bear all of the following particulars:,,,,,標籤應標明以下所有事項：,,,,,,,,,,,,,
(a) the name or trade name of the device;,,,,,(a) 器材的名稱或品牌名稱；,否,0,,,,,,,,,,,
"(b) the details strictly necessary for a user to identify the device, the contents of the packaging and, where it is not obvious for the user, the intended purpose of the device;",,,,,(b) 使用者識別器材所必需的詳細資訊、包裝內容、以及對使用者來說不明顯的器材預期用途；,否,0,,,,,,,,,,,
"(c) the name, registered trade name or registered trade mark of the manufacturer and the address of its registered place of business;",,,,,(c) 製造商的名稱、註冊商號、或註冊商標、及其註冊營業地點的位址；,否,0,,,,,,,,,,,
"(d) if the manufacturer has its registered place of business outside the Union, the name of the authorised representative and address of the registered place of business of the authorised representative;",,,,,(d) 如果製造商的註冊營業地點在歐盟境外，則授權代表的名稱、和授權代表的註冊營業地點位址；,否,0,,,,,,,,,,,
"(e) an indication that the device is an in vitro diagnostic medical device, or if the device is a ‘device for performance study’, an indication of that fact;",,,,,(e) 表明該器材是體外診斷醫療器材，或者如果器材是“性能研究用器材”，則應相應註明；,,,,,,,,,,,,,
"(f) the lot number or the serial number of the device preceded by the words LOT NUMBER or SERIAL NUMBER or an equivalent symbol, as appropriate;",,,,,(f) 器材的批號或序號，視情況而定，前面字樣帶有「批號」或「序號」或等效符號；,否,0,,,,,,,,,,,
(g) the UDI carrier referred to in Article 24 and Part C of Annex VI;,,,,,(g) 根據第 24 條 及 附件六第 C 部分所述的 UDI；,否,0,,,,,,,,,,,
"(h) an unambiguous indication of the time limit for using the device safely, without degradation of performance, expressed at least in terms of year and month and, where relevant, the day, in that order;",,,,,(h) 明確指出安全使用該器材而不降低性能的時間限制，至少以年份和月份及相關日的順序表示；,否,0,,,,,,,,,,,
"(i) where there is no indication of the date until when it may be used safely, the date of manufacture. This date of manufacture may be included as part of the lot number or serial number, provided the date is clearly identifiable;",,,,,(i) 如無註明可安全使用的日期，則指明製造日期。該製造日期可作為批號或序列號的一部分，前提是該日期清晰可辨；,否,0,,,,,,,,,,,
"(j) where relevant, an indication of the net quantity of contents, expressed in terms of weight or volume, numerical count, or any combination of thereof, or other terms which accurately reflect the contents of the package;",,,,,(j) 在相關的情況下，標註以重量或體積、數量或其任意組合表示的內容物淨含量、或準確反映包裝內容物的其他術語；,,,,,,,,,,,,,
(k) an indication of any special storage and/or handling condition that applies;,,,,,(k) 指示任何適用的特殊儲存和/或處理條件；,否,0,,,,,,,,,,,
"(l) where appropriate, an indication of the sterile state of the device and the sterilisation method, or a statement indicating any special microbial state or state of cleanliness;",,,,,(l) 在適當的情況下，註明器材的無菌狀態和滅菌方法，或註明任何特殊微生物狀態或清潔狀態的聲明；,否,0,,,,,,,,,,,
"(m) warnings or precautions to be taken that need to be brought to the immediate attention of the user of the device, and to any other person. This information may be kept to a minimum in which case more detailed information shall appear in the instructions for use, taking into account the intended users;",,,,,(m) 需要立即提請器材使用者和任何其他人注意的警告或預防措施。這些資訊可以保持在最低限度，在這種情況下，更詳細的資訊應出現在使用說明書中，同時考慮到目標使用者；,否,0,,,,,,,,,,,
"(n) if the instructions for use are not provided in paper form in accordance with point (f) of Section 20.1, a reference to their accessibility (or availability), and where applicable the website address where they can be consulted;",,,,,(n) 若未依照第 20.1 條 第 (f) 點以紙本形式提供使用說明書，請提及其可訪問性（或可用性），以及可查閱的網站地址（如適用）；,否,0,,,,,,,,,,,
"(o) where applicable, any particular operating instructions;",,,,,(o) 適用時，任何特定的操作說明；,,,,,,,,,,,,,
"(p) if the device is intended for single use, an indication of that fact. A manufacturer's indication of single use shall be consistent across the Union;",,,,,(p) 如果器材僅供一次性使用，請註明此事實。製造商對一次性使用的說明應在整個歐盟內保持一致；,否,0,,,,,,,,,,,
"(q) if the device is intended for self-testing or near-patient testing, an indication of that fact;",,,,,(q) 如果器材用於自我測試或定點照護測試，則註明這一事實；,否,0,,,,,,,,,,,
"(r) where rapid assays are not intended for self-testing or near-patient testing, the explicit exclusion hereof;",,,,,(r) 如果快速測定不適用於自我測試或定點照護測試，則明確排除此情況；,,,,,,,,,,,,,
"(s) where device kits include individual reagents and articles that are made available as separate devices, each of those devices shall comply with the labelling requirements contained in this Section and with the requirements of this Regulation;",,,,,(s) 如果器材套組包括作為單獨器材提供的試劑和物品時，則每一個器材應符合本節中包含的標籤要求和本法規的要求；,,,,,,,,,,,,,
"(t) the devices and separate components shall be identified, where applicable in terms of batches, to allow all appropriate action to detect any potential risk posed by the devices and detachable components. As far as practicable and appropriate, the information shall be set out on the device itself and/or, where appropriate, on the sales packaging;",,,,,(t) 如果適用的話，應按批次對器材和單獨組件進行標識，以便採取適當的措施來檢測器材和可拆卸組件，造成的任何潛在風險。在可行和適當的情況下，資訊應列在器材本身和/或銷售包裝上；,,,,,,,,,,,,,
(u) the label for devices for self-testing shall bear the following particulars:,,,,,(u) 自我檢測的器材，標籤應包含以下內容：,,,,,,,,,,,,,
"     (i) the type of specimen(s) required to perform the test (e.g. blood, urine or saliva);",,,,,     (i) 進行測試所需的樣本類型（例如血液、尿液或唾液）；,,,,,,,,,,,,,
     (ii) the need for additional materials for the test to function properly;,,,,,     (ii) 需要額外的材料才能使測試正常運作；,,,,,,,,,,,,,
     (iii) contact details for further advice and assistance.,,,,,     (iii) 聯絡方式以獲得進一步的建議和協助。,,,,,,,,,,,,,
The name of devices for self-testing shall not reflect an intended purpose other than that specified by the manufacturer.,,,,,自我檢測產品的名稱，不得反映製造商規定以外的預期用途。,,,,,,,,,,,,,
20.3. Information on the packaging which maintains the sterile condition of a device (‘sterile packaging’),,,,,20.3. 關於保持器材無菌狀態的包裝資訊（”無菌包裝”）,,,,,,,,,,,,,
The following particulars shall appear on the sterile packaging:,,,,,無菌包裝上應註明以下細節：,,,,,,,,,,,,,
"(a) an indication permitting the sterile packaging to be recognised as such,",,,,,(a) 無菌包裝被識別為無菌包裝的指示，,否,0,,,,,,,,,,,
"(b) a declaration that the device is in a sterile condition,",,,,,(b) 器材處於無菌狀態的聲明，,否,0,,,,,,,,,,,
"(c) the method of sterilisation,",,,,,(c) 滅菌方法，,否,0,,,,,,,,,,,
"(d) the name and address of the manufacturer,",,,,,(d) 製造商的名稱和地址，,否,0,,,,,,,,,,,
"(e) a description of the device,",,,,,(e) 器材說明，,否,0,,,,,,,,,,,
"(f) the month and year of manufacture,",,,,,(h) 製造月份和年份，,否,0,,,,,,,,,,,
"(g) an unambiguous indication of the time limit for using the device safely, expressed at least in terms of year and month and, where relevant, the day, in that order,",,,,,(i) 明確指示安全使用該器材的時間限制，至少以年和月以及相關日的順序表示，,否,0,,,,,,,,,,,
(j) an instruction to check the instructions for use for what to do if the sterile packaging is damaged or unintentionally opened before use.,,,,,(j) 檢查使用說明，了解如果無菌包裝在使用前被損壞或意外打開，該如何處理。,否,0,,,,,,,,,,,
20.4. Information in the instructions for use,,,,,20.4. 使用說明中的資訊,,,,,,,,,,,,,
20.4.1. The instructions for use shall contain all of the following particulars:,,,,,20.4.1. 使用說明應包含以下所有細節：,,,,,,,,,,,,,
(a) the name or trade name of the device;,,,,,(a) 器材的名稱或品牌名稱；,否,0,,,,,,,,,,,
(b) the details strictly necessary for the user to uniquely identify the device;,,,,,(b) 使用者唯一識別器材的嚴格必要資訊；,否,0,,,,,,,,,,,
(c) the device's intended purpose:,,,,,(c) 該器材的預期用途：,,,,,,,,,,,,,
     (i) what is detected and/or measured;,,,,,     (i) 需檢測和/或測量什麼；,,,,,,,,,,,,,
"     (ii) its function (e.g. screening, monitoring, diagnosis or aid to diagnosis, prognosis, prediction, companion diagnostic);",,,,,     (ii) 其功能（例如篩檢、監測、診斷或輔助診斷、預後、預測、伴隨診斷）；,,,,,,,,,,,,,
     (iii) the specific information that is intended to be provided in the context of:,,,,,     (iii) 旨在在以下情況提供的具體資訊：,,,,,,,,,,,,,
          — a physiological or pathological state;,,,,,          — 生理或病理狀態；,,,,,,,,,,,,,
          — congenital physical or mental impairments;,,,,,          — 先天性身體或精神缺陷；,,,,,,,,,,,,,
          — the predisposition to a medical condition or a disease;,,,,,          — 易患某種健康狀況或疾病；,,,,,,,,,,,,,
          — the determination of the safety and compatibility with potential recipients;,,,,,          — 確定與潛在接受者的安全性和相容性；,,,,,,,,,,,,,
          — the prediction of treatment response or reactions;,,,,,          — 治療反應或反應的預測；,,,,,,,,,,,,,
          — the definition or monitoring of therapeutic measures;,,,,,          — 治療措施的定義或監測；,,,,,,,,,,,,,
     (iv) whether it is automated or not;,,,,,     (iv) 是否自動化；,,,,,,,,,,,,,
"     (v) whether it is qualitative, semi-quantitative or quantitative;",,,,,     (v) 無論是定性、半定量或定量；,,,,,,,,,,,,,
     (vi) the type of specimen(s) required;,,,,,     (vi) 所需樣本的類型；,,,,,,,,,,,,,
"     (vii) where applicable, the testing population; and",,,,,     (vii) 適用的測試人群；和,,,,,,,,,,,,,
"     (viii) for companion diagnostics, the International Non-proprietary Name (INN) of the associated medicinal product for which it is a companion test.",,,,,     (viii) 對於伴隨診斷，是伴隨測試的相關醫藥產品的國際非專有名稱 (INN)。,,,,,,,,,,,,,
"(d) an indication that the device is an in vitro diagnostic medical device, or, if the device is a ‘device for performance study’, an indication of that fact;",,,,,(d) 表明該器材是體外診斷醫療器材，或者如果器材是“性能研究用器材”，則應相應註明；,,,,,,,,,,,,,
"(e) the intended user, as appropriate (e.g. self-testing, near patient and laboratory professional use, healthcare professionals);",,,,,(e) 適當的預期使用者（例如自我測試、定點照護檢驗和實驗室專業用途、醫療保健專業人員）；,,,,,,,,,,,,,
(f) the test principle;,,,,,(f) 測試原理；,,,,,,,,,,,,,
(g) a description of the calibrators and controls and any limitation upon their use (e.g. suitable for a dedicated instrument only);,,,,,(g) 校正品和控制品的描述、及其使用的任何限制（例如：僅適用於專用儀器）；,,,,,,,,,,,,,
"(h) a description of the reagents and any limitation upon their use (e.g. suitable for a dedicated instrument only) and the composition of the reagent product by nature and amount or concentration of the active ingredient(s) of the reagent(s) or kit as well as a statement, where appropriate, that the device contains other ingredients which might influence the measurement;",,,,,(h) 試劑的描述及其使用的任何限制（例如：僅適用於專用儀器）以及試劑組成成分的性質和數量、試劑或試劑盒的活性成分或濃度劃分，並在適當情況下聲明該器材含有可能影響測量的其他成分；,,,,,,,,,,,,,
(i) a list of materials provided and a list of special materials required but not provided;,,,,,(i) 提供材料清單，及需要但未提供的特殊材料清單；,,,,,,,,,,,,,
(j) for devices intended for use in combination with or installed with or connected to other devices and/or general purpose equipment:,,,,,(j) 對於設計用於與其他器材和/或一般裝置結合使用、或與其他安裝、或連接的器材：,,,,,,,,,,,,,
"     — information to identify such devices or equipment, in order to obtain a validated and safe combination, including key performance characteristics, and/or",,,,,     — 識別此類器材或設備的信息，以獲得經過驗證的安全組合，包括關鍵性能特徵，和/或,,,,,,,,,,,,,
     — information on any known restrictions to combinations of devices and equipment.,,,,,     — 有關器材和設備組合的任何已知限制的資訊。,,,,,,,,,,,,,
"(k) an indication of any special storage (e.g. temperature, light, humidity, etc.) and/or handling conditions which apply;",,,,,(k) 任何適用的特殊儲存（例如：溫度、光線、濕度等）和/或處理條件的說明；,,,,,,,,,,,,,
"(l) in-use stability which may include the storage conditions, and shelf life following the first opening of the primary container, together with the storage conditions and stability of working solutions, where this is relevant;",,,,,(l) 使用中穩定性，可能包括儲存條件和容器第一次開封後的有效期，以及相關工作溶液的儲存條件和穩定性；,,,,,,,,,,,,,
"(m) if the device is supplied as sterile, an indication of its sterile state, the sterilisation method and instructions in the event of the sterile packaging being damaged before use;",,,,,(m) 若器材以無菌形式提供，則說明其無菌狀態、滅菌方法、及無菌包裝在使用前損壞時的說明；,,,,,,,,,,,,,
"(n) information that allows the user to be informed of any warnings, precautions, measures to be taken and limitations of use regarding the device. That information shall cover, where appropriate:",,,,,(n) 允許使用者了解有關器材的任何警告、預防措施、應採取的措施、以及使用限制的資訊。此資訊應酌情涵蓋：,,,,,,,,,,,,,
"     (i) warnings, precautions and/or measures to be taken in the event of malfunction of the device or its degradation as suggested by changes in its appearance that may affect performance,",,,,,     (i) 當器材發生故障或外觀變化可能影響性能時，應採取的警告、預防措施和/或待採取措施，,,,,,,,,,,,,,
"     (ii) warnings, precautions and/or measures to be taken as regards the exposure to reasonably foreseeable external influences or environmental conditions, such as magnetic fields, external electrical and electromagnetic effects, electrostatic discharge, radiation associated with diagnostic or therapeutic procedures, pressure, humidity, or temperature,",,,,,     (ii) 關於暴露於合理可預見的外部影響或環境條件，例如：磁場、外部電氣和電磁效應、靜電放電、與診斷或治療程序相關的輻射、壓力、濕度或溫度，,,,,,,,,,,,,,
"     (iii) warnings, precautions and/or measures to be taken as regards the risks of interference posed by the reasonably foreseeable presence of the device during specific diagnostic investigations, evaluations, therapeutic treatment or other procedures such as electromagnetic interference emitted by the device affecting other equipment,",,,,,     (iii) 針對在特定診斷調查、評估、治療或其他程序期間，合理可預見存在器材所造成的干擾風險，而進行的警告、預防措施和/或帶採取措施，例如：器材發出的電磁幹擾影響其他設備，,,,,,,,,,,,,,
"     (iv) precautions related to materials incorporated into the device that contain or consist of CMR substances, or endocrine disrupting substances or that could result in sensitisation or an allergic reaction by the patient or user,",,,,,     (iv) 與器材中包含的材料有關的預防措施，若材料含有致癌、致突變或生殖毒性 (CMR) 物質、或內分泌幹擾物質組成，或可能導致患者或使用者過敏或過敏反應，,,,,,,,,,,,,,
"     (v) if the device is intended for single use, an indication of that fact. A manufacturer's indication of single use shall be consistent across the Union,",,,,,     (v) 如果器材僅供一次性使用，請註明此事實。製造商對一次性使用的說明應在整個歐盟內保持一致，,,,,,,,,,,,,,
"     (vi) if the device is reusable, information on the appropriate processes to allow reuse, including cleaning, disinfection, decontamination, packaging and, where appropriate, the validated method of re-sterilisation. Information shall be provided to identify when the device should no longer be reused, such as signs of material degradation or the maximum number of allowable reuses;",,,,,     (vi) 如果該器材可重複使用，有關允許重複使用的適當流程的信息，包括清潔、消毒、淨化、包裝、以及經過驗證的重新滅菌方法（如果適用）。應提供資訊以確定器材何時不得再重複使用，例如：材料劣化的跡像、或允許重複使用的最大次數；,,,,,,,,,,,,,
(o) any warnings and/or precautions related to potentially infectious material that is included in the device;,,,,,(o) 與器材中包含的潛在傳染性材料，相關的任何警告和/或預防措施；,,,,,,,,,,,,,
"(p) where relevant, requirements for special facilities, such as a clean room environment, or special training, such as on radiation safety, or particular qualifications of the intended user;",,,,,(p) 在相關情況下，對特殊設施的要求（例如無塵室環境）、或特殊培訓（例如輻射安全方面）、或預期使用者的特殊資格；,,,,,,,,,,,,,
"(q) conditions for collection, handling, and preparation of the specimen;",,,,,(q) 樣本採集、處理和製備的條件；,,,,,,,,,,,,,
"(r) details of any preparatory treatment or handling of the device before it is ready for use, such as sterilisation, final assembly, calibration, etc., for the device to be used as intended by the manufacturer;",,,,,(r) 樣本在準備使用之前的任何預處理、或處理的詳細信息，例如：滅菌、最終組裝、校驗等，以便器材按照製造商的預期使用；,,,,,,,,,,,,,
"(s) the information needed to verify whether the device is properly installed and is ready to perform safely and as intended by the manufacturer, together with, where relevant:",,,,,(s) 驗證器材是否正確安裝，並準備好按照製造商的預期安全運行所需的信息，以及相關的：,,,,,,,,,,,,,
"— details of the nature, and frequency, of preventive and regular maintenance, including cleaning and disinfection;",,,,,— 預防性和定期性維護的性質和頻率細節，包括清潔和消毒；,,,,,,,,,,,,,
— identification of any consumable components and how to replace them;,,,,,— 任何消耗性零件的識別，以及更換方法；,,,,,,,,,,,,,
— information on any necessary calibration to ensure that the device operates properly and safely during its intended lifetime;,,,,,— 有關任何必要校驗的信息，以確保器材在其預期使用壽命期間正常、安全地運作；,,,,,,,,,,,,,
"— methods for mitigating the risks encountered by persons involved in installing, calibrating or servicing devices.",,,,,— 減輕參與安裝、校驗或維修器材的人員所遇到的風險方法。,,,,,,,,,,,,,
"(t) where applicable, recommendations for quality control procedures;",,,,,(t) 適用時，品質管控程序的建議；,,,,,,,,,,,,,
"(u) the metrological traceability of values assigned to calibrators and control materials, including identification of applied reference materials and/or reference measurement procedures of higher order and information regarding maximum (self-allowed) batch to batch variation provided with relevant figures and units of measure;",,,,,(u) 分配給校準品和品管材料數值的計量追溯性，包括應用更高的參考材料和/或參考測量程序的識別，以及有關最大（自我允許）批次間變化的信息，並提供相關數字和測量單位；,,,,,,,,,,,,,
"(v) assay procedure including calculations and interpretation of results and where relevant if any confirmatory testing shall be considered; where applicable, the instructions for use shall be accompanied by information regarding batch to batch variation provided with relevant figures and units of measure;",,,,,(v) 化驗程序，包括結果的計算和解釋，以及在相關情形時是否應考慮任何驗證性測試；在適用情況下，使用說明應附有關批次差異的信息，並提供相關數字和測量單位；,,,,,,,,,,,,,
"(w) analytical performance characteristics, such as analytical sensitivity, analytical specificity, trueness (bias), precision (repeatability and reproducibility), accuracy (resulting from trueness and precision), limits of detection and measurement range, (information needed for the control of known relevant interferences, cross-reactions and limitations of the method), measuring range, linearity and information about the use of available reference measurement procedures and materials by the user;",,,,,,,,,,,,,,,,,,
(x) clinical performance characteristics as defined in Section 9.1 of this Annex;,,,,,,,,,,,,,,,,,,
(y) the mathematical approach upon which the calculation of the analytical result is made;,,,,,,,,,,,,,,,,,,
"(z) where relevant, clinical performance characteristics, such as threshold value, diagnostic sensitivity and diagnostic specificity, positive and negative predictive value;",,,,,,,,,,,,,,,,,,
"(aa) where relevant, reference intervals in normal and affected populations;",,,,,,,,,,,,,,,,,,
"(ab) information on interfering substances or limitations (e.g. visual evidence of hyperlipidaemia or haemolysis, age of specimen) that may affect the performance of the device;",,,,,,,,,,,,,,,,,,
"(ac) warnings or precautions to be taken in order to facilitate the safe disposal of the device, its accessories, and the consumables used with it, if any. This information shall cover, where appropriate:",,,,,,,,,,,,,,,,,,
"     (i) infection or microbial hazards, such as consumables contaminated with potentially infectious substances of human origin;",,,,,,,,,,,,,,,,,,
     (ii) environmental hazards such as batteries or materials that emit potentially hazardous levels of radiation);,,,,,,,,,,,,,,,,,,
     (iii) physical hazards such as explosion.,,,,,,,,,,,,,,,,,,
"(ad) the name, registered trade name or registered trade mark of the manufacturer and the address of its registered place of business at which he can be contacted and its location be established, together with a telephone number and/or fax number and/or website address to obtain technical assistance;",,,,,,,,,,,,,,,,,,
"(ae) date of issue of the instructions for use or, if they have been revised, date of issue and identifier of the latest revision of the instructions for use, with a clear indication of the introduced modifications;",,,,,,,,,,,,,,,,,,
(af) a notice to the user that any serious incident that has occurred in relation to the device shall be reported to the manufacturer and the competent authority of the Member State in which the user and/or the patient is established;,,,,,,,,,,,,,,,,,,
"(ag) where device kits include individual reagents and articles that may be made available as separate devices, each of these devices shall comply with the instructions for use requirements contained in this Section and with the requirements of this Regulation;",,,,,,,,,,,,,,,,,,
"(ah) for devices that incorporate electronic programmable systems, including software, or software that are devices in themselves, minimum requirements concerning hardware, IT networks characteristics and IT security measures, including protection against unauthorised access, necessary to run the software as intended.",,,,,,,,,,,,,,,,,,
"20.4.2. In addition, the instructions for use for devices intended for self-testing shall comply with all of the following principles:",,,,,,,,,,,,,,,,,,
"(a) details of the test procedure shall be given, including any reagent preparation, specimen collection and/or preparation and information on how to run the test and interpret the results;",,,,,,,,,,,,,,,,,,
(b) specific particulars may be omitted provided that the other information supplied by the manufacturer is sufficient to enable the user to use the device and to understand the result(s) produced by the device;,,,,,,,,,,,,,,,,,,
(c) the device's intended purpose shall provide sufficient information to enable the user to understand the medical context and to allow the intended user to make a correct interpretation of the results;,,,,,,,,,,,,,,,,,,
(d) the results shall be expressed and presented in a way that is readily understood by the intended user;,,,,,,,,,,,,,,,,,,
"(e) information shall be provided with advice to the user on action to be taken (in case of positive, negative or indeterminate result), on the test limitations and on the possibility of false positive or false negative result. Information shall also be provided as to any factors that can affect the test result such as age, gender, menstruation, infection, exercise, fasting, diet or medication;",,,,,,,,,,,,,,,,,,
"(f) the information provided shall include a statement clearly directing that the user should not take any decision of medical relevance without first consulting the appropriate healthcare professional, information on disease effects and prevalence, and, where available, information specific to the Member State(s) where the device is placed on the market on where a user can obtain further advice such as national helplines, websites;",,,,,,,,,,,,,,,,,,
"(g) for devices intended for self-testing used for the monitoring of a previously diagnosed existing disease or condition, the information shall specify that the patient should only adapt the treatment if he has received the appropriate training to do so.",,,,,,,,,,,,,,,,,,
,,,,,,,,,,,,,,,,,,